-- ============================================================
-- seed.sql — 由 backup/20260624-113442 的 JSON dump 產生
-- 還原步驟：
--   1. 先跑 docs/supabase-schema.sql 建表 + RLS + RPC（注意它會 DROP 舊資料）
--   2. 再跑本檔灌入資料
--   3. 另設後台密碼（見 backup 目錄 RESTORE 說明）
-- ============================================================

begin;

-- seasons (1 筆)
insert into seasons (id, year, quarter, start_month, end_month, is_active, created_at) values
  ('082eabc1-00c3-4dee-96df-357a507dffa3', 2026, 3, 7, 9, true, '2026-05-13T02:33:51.811648+00:00')
on conflict (id) do nothing;

-- session_groups (2 筆)
insert into session_groups (id, season_id, day_of_week, venue, time_slot, fee_amount, max_players, notes, created_at) values
  ('549a21f2-e213-48fc-a8c0-2f9cab9afaf8', '082eabc1-00c3-4dee-96df-357a507dffa3', 1, '南港區-胡適國小', '19:00-21:30', 1100, 20, null, '2026-05-13T02:38:16.848467+00:00'),
  ('abcb5c91-5f28-4ade-ac21-ea9cfef9d026', '082eabc1-00c3-4dee-96df-357a507dffa3', 4, '南港區-胡適國小', '19:00-21:30', 1100, 20, null, '2026-05-13T02:38:17.128172+00:00')
on conflict (id) do nothing;

-- sessions (26 筆)
insert into sessions (id, group_id, play_date, created_at) values
  ('276a4f0a-7f8a-4be1-9ab4-d74a03a065cf', '549a21f2-e213-48fc-a8c0-2f9cab9afaf8', '2026-07-06', '2026-05-13T02:38:16.848467+00:00'),
  ('9d3ebb61-27d3-44e4-a4cd-b2f4a5b82210', '549a21f2-e213-48fc-a8c0-2f9cab9afaf8', '2026-07-13', '2026-05-13T02:38:16.848467+00:00'),
  ('ec4c4e76-ec4b-4d12-a95b-80845fc6dc8a', '549a21f2-e213-48fc-a8c0-2f9cab9afaf8', '2026-07-20', '2026-05-13T02:38:16.848467+00:00'),
  ('dddec2f2-c640-4dd9-b9fd-53d5cf11eadb', '549a21f2-e213-48fc-a8c0-2f9cab9afaf8', '2026-07-27', '2026-05-13T02:38:16.848467+00:00'),
  ('872793d4-248c-4f69-af08-c6fe1f191e68', '549a21f2-e213-48fc-a8c0-2f9cab9afaf8', '2026-08-03', '2026-05-13T02:38:16.848467+00:00'),
  ('241ab05e-13a9-4f3f-b8a5-11ddbe2dfd26', '549a21f2-e213-48fc-a8c0-2f9cab9afaf8', '2026-08-10', '2026-05-13T02:38:16.848467+00:00'),
  ('e807015c-3269-4d71-aaf6-eccf46382168', '549a21f2-e213-48fc-a8c0-2f9cab9afaf8', '2026-08-17', '2026-05-13T02:38:16.848467+00:00'),
  ('a6f6c2e2-6a41-44c6-9f07-e9d05172da81', '549a21f2-e213-48fc-a8c0-2f9cab9afaf8', '2026-08-24', '2026-05-13T02:38:16.848467+00:00'),
  ('c43f78e7-9984-4408-a836-0074955eb418', '549a21f2-e213-48fc-a8c0-2f9cab9afaf8', '2026-08-31', '2026-05-13T02:38:16.848467+00:00'),
  ('a5e40aad-766a-464d-9d0a-4f15a211b898', '549a21f2-e213-48fc-a8c0-2f9cab9afaf8', '2026-09-07', '2026-05-13T02:38:16.848467+00:00'),
  ('458b901f-5563-4e2f-a29d-9f36952d875c', '549a21f2-e213-48fc-a8c0-2f9cab9afaf8', '2026-09-14', '2026-05-13T02:38:16.848467+00:00'),
  ('9f7e0b59-11c9-4e88-bbbd-056a11b8e07d', '549a21f2-e213-48fc-a8c0-2f9cab9afaf8', '2026-09-21', '2026-05-13T02:38:16.848467+00:00'),
  ('5aef85a3-893b-4c07-b69e-bc3ef5276077', '549a21f2-e213-48fc-a8c0-2f9cab9afaf8', '2026-09-28', '2026-05-13T02:38:16.848467+00:00'),
  ('70da27d0-3f5d-4d51-9565-42b66e096c90', 'abcb5c91-5f28-4ade-ac21-ea9cfef9d026', '2026-07-02', '2026-05-13T02:38:17.128172+00:00'),
  ('9aebee3e-4ed2-41cc-8c92-bb23a09da9b3', 'abcb5c91-5f28-4ade-ac21-ea9cfef9d026', '2026-07-09', '2026-05-13T02:38:17.128172+00:00'),
  ('3f73ac6d-c516-41b8-b47c-6472940387f9', 'abcb5c91-5f28-4ade-ac21-ea9cfef9d026', '2026-07-16', '2026-05-13T02:38:17.128172+00:00'),
  ('48da2e1e-55ba-4555-9561-b68eb9af5cba', 'abcb5c91-5f28-4ade-ac21-ea9cfef9d026', '2026-07-23', '2026-05-13T02:38:17.128172+00:00'),
  ('6bd1f2d1-e9db-4ea4-a9b7-e3c032cc1ebf', 'abcb5c91-5f28-4ade-ac21-ea9cfef9d026', '2026-07-30', '2026-05-13T02:38:17.128172+00:00'),
  ('f5fccb97-39df-420e-949f-bed249dedcbc', 'abcb5c91-5f28-4ade-ac21-ea9cfef9d026', '2026-08-06', '2026-05-13T02:38:17.128172+00:00'),
  ('a3011f97-ff25-47fa-8e12-2b46809e8c13', 'abcb5c91-5f28-4ade-ac21-ea9cfef9d026', '2026-08-13', '2026-05-13T02:38:17.128172+00:00'),
  ('f9c366ea-fadc-4c2f-b849-07288fb0b663', 'abcb5c91-5f28-4ade-ac21-ea9cfef9d026', '2026-08-20', '2026-05-13T02:38:17.128172+00:00'),
  ('43413985-7731-4c13-a19d-e28487eb2944', 'abcb5c91-5f28-4ade-ac21-ea9cfef9d026', '2026-08-27', '2026-05-13T02:38:17.128172+00:00'),
  ('ab914e0f-1b9e-4a93-9e54-fa736a72e658', 'abcb5c91-5f28-4ade-ac21-ea9cfef9d026', '2026-09-03', '2026-05-13T02:38:17.128172+00:00'),
  ('74159f10-3893-4288-8759-5af52f4dfa95', 'abcb5c91-5f28-4ade-ac21-ea9cfef9d026', '2026-09-10', '2026-05-13T02:38:17.128172+00:00'),
  ('adf0974c-be0c-4a7c-b31c-8bdd9bef8e63', 'abcb5c91-5f28-4ade-ac21-ea9cfef9d026', '2026-09-17', '2026-05-13T02:38:17.128172+00:00'),
  ('3d066be5-5fb1-456e-addc-eaa3db9eee06', 'abcb5c91-5f28-4ade-ac21-ea9cfef9d026', '2026-09-24', '2026-05-13T02:38:17.128172+00:00')
on conflict (id) do nothing;

-- registrations (36 筆)
insert into registrations (id, group_id, player_name, paid, created_at) values
  ('2af6b0bf-7133-4089-aa42-ce5c2aea1283', '549a21f2-e213-48fc-a8c0-2f9cab9afaf8', '修維1', false, '2026-05-13T02:53:29.89022+00:00'),
  ('5f6535f9-16b1-4390-bc2e-4a916802ec9d', '549a21f2-e213-48fc-a8c0-2f9cab9afaf8', '修維2', false, '2026-05-13T02:53:30.129767+00:00'),
  ('c7c6aa03-64e8-4374-9641-e2004824fba2', '549a21f2-e213-48fc-a8c0-2f9cab9afaf8', '修維3', false, '2026-05-13T02:53:30.383809+00:00'),
  ('64c10290-6fd5-4150-9833-f19b1f7a4695', '549a21f2-e213-48fc-a8c0-2f9cab9afaf8', '修維4', false, '2026-05-13T02:53:30.615073+00:00'),
  ('d9334a6f-78c8-4208-89b9-aaa8f2fc9da5', '549a21f2-e213-48fc-a8c0-2f9cab9afaf8', '修維5', false, '2026-05-13T02:53:30.818727+00:00'),
  ('e7b8e762-8795-4704-9463-8e3d82398ec6', '549a21f2-e213-48fc-a8c0-2f9cab9afaf8', '謝菘澤1', false, '2026-05-18T02:13:48.303398+00:00'),
  ('dfe61093-fbe0-406e-9fed-c20a5c85b902', '549a21f2-e213-48fc-a8c0-2f9cab9afaf8', '謝菘澤2', false, '2026-05-18T02:13:48.585814+00:00'),
  ('017101ab-dc65-4a0b-a337-608387764ea7', 'abcb5c91-5f28-4ade-ac21-ea9cfef9d026', '鵝肉榮阿源1', false, '2026-05-27T12:25:54.982918+00:00'),
  ('1983304a-7eac-4e0b-8d66-4ae4f8222376', 'abcb5c91-5f28-4ade-ac21-ea9cfef9d026', '鵝肉榮阿源2', false, '2026-05-27T12:25:55.177861+00:00'),
  ('26617660-ad10-49b6-a38a-fa61d6c2436c', 'abcb5c91-5f28-4ade-ac21-ea9cfef9d026', '鵝肉榮阿源3', false, '2026-05-27T12:25:55.350522+00:00'),
  ('e70784a5-407b-448d-b139-91627030ed37', 'abcb5c91-5f28-4ade-ac21-ea9cfef9d026', '鵝肉榮阿源4', false, '2026-05-27T12:25:55.528293+00:00'),
  ('577e9e20-8517-43e8-b0d7-49d1d3c0ff33', 'abcb5c91-5f28-4ade-ac21-ea9cfef9d026', '鵝肉榮阿源5', false, '2026-05-27T12:25:55.69517+00:00'),
  ('46d6975d-a2a6-4d60-bb42-e87bd4113aad', '549a21f2-e213-48fc-a8c0-2f9cab9afaf8', '快樂阿奎', true, '2026-05-13T02:38:44.248681+00:00'),
  ('7b58f5b9-0316-4e8c-b8d0-f505e0039bcf', 'abcb5c91-5f28-4ade-ac21-ea9cfef9d026', '快樂阿奎', true, '2026-05-13T02:38:44.448942+00:00'),
  ('90e972e4-f0c2-4594-9279-c50d25aa4def', '549a21f2-e213-48fc-a8c0-2f9cab9afaf8', 'FB-陳俊宏1', true, '2026-05-29T13:18:03.154738+00:00'),
  ('51cf6c28-02a5-47dd-89ce-975ef1499eaa', '549a21f2-e213-48fc-a8c0-2f9cab9afaf8', 'FB-陳俊宏3', true, '2026-05-29T13:18:03.466353+00:00'),
  ('f33cfbf0-86ee-4d23-8b31-10f6817973bb', '549a21f2-e213-48fc-a8c0-2f9cab9afaf8', 'FB-陳俊宏2', true, '2026-05-29T13:18:03.313506+00:00'),
  ('e3f8c80e-77bd-4723-95c1-5dd12c758869', 'abcb5c91-5f28-4ade-ac21-ea9cfef9d026', '劉兆原', true, '2026-05-13T03:37:54.387729+00:00'),
  ('6ef7cff2-e708-45b5-9249-70313509ea2b', 'abcb5c91-5f28-4ade-ac21-ea9cfef9d026', 'FB-李昭儒1', true, '2026-06-01T03:52:19.934827+00:00'),
  ('08dac9a4-db7e-4d15-a1db-c3ca13354309', 'abcb5c91-5f28-4ade-ac21-ea9cfef9d026', 'FB-李昭儒2', true, '2026-06-01T03:52:20.182719+00:00'),
  ('1f0361a2-7486-4acb-8826-a074624ec547', 'abcb5c91-5f28-4ade-ac21-ea9cfef9d026', 'FB-李昭儒3', true, '2026-06-01T03:52:20.411606+00:00'),
  ('89b3745a-e663-47a4-bb95-91234d2fe2c2', 'abcb5c91-5f28-4ade-ac21-ea9cfef9d026', 'FB-李昭儒4', true, '2026-06-01T03:52:20.63959+00:00'),
  ('f8b491dd-3dbb-4674-be7e-6d243a868f44', 'abcb5c91-5f28-4ade-ac21-ea9cfef9d026', 'FB-李昭儒5', true, '2026-06-01T03:52:20.871144+00:00'),
  ('65a05e2d-33d8-47a3-b8cb-9acecb2e6936', '549a21f2-e213-48fc-a8c0-2f9cab9afaf8', 'Mick', true, '2026-05-13T02:53:49.444992+00:00'),
  ('e033d412-04c4-476f-a955-f5b9950542da', '549a21f2-e213-48fc-a8c0-2f9cab9afaf8', '快樂阿源', true, '2026-05-29T07:37:35.298447+00:00'),
  ('42678458-ac61-4ce0-8212-4d5fc77ec566', 'abcb5c91-5f28-4ade-ac21-ea9cfef9d026', '快樂阿賢', true, '2026-05-29T07:37:52.248985+00:00'),
  ('934f5073-ecfc-4919-b316-5829ab559a01', 'abcb5c91-5f28-4ade-ac21-ea9cfef9d026', '快樂阿宇', true, '2026-05-29T07:37:44.327902+00:00'),
  ('d158150d-d05c-4ecf-8b9e-10f5655eaad5', 'abcb5c91-5f28-4ade-ac21-ea9cfef9d026', '魯斯公司隊1', true, '2026-05-13T03:36:41.679765+00:00'),
  ('ea2333ee-4ee4-450d-b4a7-fad99c8ee17d', 'abcb5c91-5f28-4ade-ac21-ea9cfef9d026', '魯斯公司隊2', true, '2026-05-13T03:36:41.823646+00:00'),
  ('3417d3f5-0723-4b91-8cda-e5817a6c030f', 'abcb5c91-5f28-4ade-ac21-ea9cfef9d026', '魯斯公司隊3', true, '2026-05-13T03:36:41.95918+00:00'),
  ('6449dfbf-ccf1-44b0-97ea-9db757428bdf', 'abcb5c91-5f28-4ade-ac21-ea9cfef9d026', '魯斯公司隊4', true, '2026-05-13T03:36:42.096903+00:00'),
  ('91d1cb66-c8be-4062-b2d0-67e490bfcb22', 'abcb5c91-5f28-4ade-ac21-ea9cfef9d026', '魯斯公司隊5', true, '2026-05-13T03:36:42.22992+00:00'),
  ('4568d353-2c86-4da6-bd1b-6a54f8f0804d', '549a21f2-e213-48fc-a8c0-2f9cab9afaf8', '謝菘澤3', false, '2026-06-02T08:06:12.702591+00:00'),
  ('027eafda-a79b-42a4-8a21-a76db4ee83a0', '549a21f2-e213-48fc-a8c0-2f9cab9afaf8', '謝菘澤4', false, '2026-06-02T08:06:28.539371+00:00'),
  ('a09ffacd-4b44-4188-82f0-864a229e22a6', '549a21f2-e213-48fc-a8c0-2f9cab9afaf8', '謝菘澤5', false, '2026-06-02T08:06:34.679878+00:00'),
  ('25d449c7-d662-4a6e-b448-ca94b5544754', '549a21f2-e213-48fc-a8c0-2f9cab9afaf8', '🐻', true, '2026-06-16T03:14:47.74757+00:00')
on conflict (id) do nothing;

commit;

-- 共 65 筆
